words,class
lazarento,0
bucetona,0
xoxotinha,0
putinha,0
putona,0
biscate,0
biscatinha,0
biscatona,0
bosta,0
cuzinho,0
Vai tomar no cu,0
puta,0
porra,0
puta que pariu,0
fuder,0
merda,0
buceta,0
AnimaldeTeta,0
Arregassado,0
Arrombado,0
Babaca,0
Baitola,0
Biba,0
Bicha,0
bolagato,0
Boqueteiro,0
Boquete,0
Bundao,0
Burro,0
Cacete,0
Cadelona,0
Capiroto,0
Caralho,0
Cocozento,0
Cu,0
DebilMental,0
Demente,0
Desgracado,0
EGUENORANTE,0
Endemoniado,0
Energumeno,0
Enfianocu,0
EngoleRola,0
Escroto,0
Esdruxulo,0
Esporrado,0
Estigalhado,0
Estrume,0
Estrunxado,0
Estupido,0
FDP,0
Fidumaegua,0
FilhodaPuta,0
Fiofo,0
Foda,0
Fudido,0
Fulera,0
Gonorreia,0
GordoEscroto,0
Gozado,0
Idiota,0
Imbecil,0
Imundo,0
Inseto,0
Invertebrado,0
Jacu,0
Jegue,0
Jumento,0
KCT,0
Ku,0
lesma,0
Lezado,0
Limpezaanal,0
lombriga,0
Meretriz,0
MiolodeCu,0
Mocorongo,0
MontedeMerda,0
Morfetico,0
Mulambo,0
Nazista,0
Newbie,0
Nhaca,0
Nonsense,0
Ogro,0
Olhodocu,0
OlhoGordo,0
Otario,0
Panaca,0
Passaralho,0
PauNoCu,0
Periquita,0
Pimenteira,0
Piranha,0
Piroca,0
Pistoleira,0
prostituta,0
Punheta,0
PutaQuePariu,0
Quenga,0
Quirguistao,0
Rampero,0
Rapariga,0
Raspadinha,0
Retardado,0
Rusguento,0
Sanguesuga,0
Sujo,0
Tapado,0
Tarado,0
Tesao,0
Tetuda,0
Tetudo,0
Tosco,0
Tragado,0
Travesti,0
Trepadeira,0
Troglodita,0
Urubu,0
Vadia,0
Vagabundo,0
Vagaranha,0
Vaiamerda,0
vaisefuder,0
Vaitomarnocu,0
Verme,0
Viado,0
Xavasca,0
Xereca,0
Xixizento,0
Xoxota,0
Xupetinha,0
Xupisco,0
ZeBuceta,0
Zoiudo,0
Zoneira,0
Zuado,0
Zuera,0
Zulu,0
Zureta,0
Anus,0
Bagos,0
Besta,0
Bixa,0
Boazuda,0
Boiola,0
Bosseta,0
Bostana,0
Brioco,0
Bronha,0
Buca,0
Bunda,0
Bunduda,0
Burra,0
Busseta,0
Cadela,0
Caga,0
Cagado,0
Cagao,0
Cagona,0
Canalha,0
Casseta,0
Cassete,0
Checheca,0
Chereca,0
Chibumba,0
Chibumbo,0
Chifruda,0
Chifrudo,0
Chota,0
Chochota,0
Chupada,0
Chupado,0
Clitoris,0
Cocaina,0
Corna,0
Corno,0
Cornuda,0
Cornudo,0
Corrupta,0
Corrupto,0
Cretina,0
Cretino,0
Cruz-credo,0
Culhao,0
Curalho,0
Cuzao,0
Cuzuda,0
Cuzudo,0
Debil,0
Debiloide,0
Defunto,0
Demonio,0
Difunto,0
Doida,0
Doido,0
Egua,0
Escrota,0
Esporrada,0
Esporro,0
Estupida,0
Estupidez,0
Fedida,0
Fedido,0
Fedor,0
Fedorenta,0
Feia,0
Feio,0
Feiosa,0
Feioso,0
Feioza,0
Feiozo,0
Felacao,0
Fodao,0
Fode,0
FodidaFodido,0
Fornica,0
Fudendo,0
Fudecao,0
Fudida,0
Furada,0
Furado,0
Furão,0
Furnica,0
Furnicar,0
Gonorrea,0
Gosma,0
Gosmenta,0
Gosmento,0
Grelinho,0
Grelo,0
Idiotice,0
Iscrota,0
Iscroto,0
Ladrao,0
Ladroeira,0
Ladrona,0
Lalau,0
Machona,0
Machorra,0
Manguaca,0
Mangua¦a,0
Masturba,0
Meleca,0
Mija,0
Mijada,0
Mijado,0
Mijo,0
Mocrea,0
Mocreia,0
Moleca,0
Moleque,0
Mondronga,0
Mondrongo,0
Nadega,0
Nojeira,0
Nojenta,0
Nojento,0
Nojo,0
Paspalhao,0
Paspalho,0
Pau,0
Peia,0
Peido,0
Pemba,0
Pênis,0
Pentelha,0
Pentelho,0
Perereca,0
Peru,0
Pica,0
Picao,0
Pilantra,0
Piroco,0
Piru,0
Prega,0
Prostibulo,0
Prost-bulo,0
Prostituto,0
Punhetao,0
Pus,0
Pustula,0
Puto,0
Puxa-saco,0
Puxasaco,0
Rabao,0
Rabo,0
Rabuda,0
Rabudao,0
Rabudo,0
Rabudona,0
Rachada,0
Rachadao,0
Rachadinho,0
Rachado,0
Ramela,0
Retardada,0
Rola,0
Rolinha,0
Rosca,0
Sacana,0
Safada,0
Safado,0
Sapatao,0
Sifilis,0
Siririca,0
Tarada,0
Testuda,0
Tezao,0
Tezuda,0
Tezudo,0
Trocha,0
Trolha,0
Troucha,0
Trouxa,0
Troxa,0
Vagabunda,0
Vagina,0
Veada,0
Veadao,0
Veado,0
Viada,0
Viadao,0
Xerereca,0
Xexeca,0
Xibiu,0
Xibumba,0
Xota,0
Xochota,0
Xana,0
Xaninha,0
Genocida,0
Desgraçado,0
Ladrão,0
Corruptor,0
Boceta,0
Pepeca,0
Arrombada,0
pauzudo,0
gozador,0
pintudo,0
tesão,0
petista,0
centrão,0
centrao,0
STF,0
bucetuda,0
animal,0
bucetinha,0
Caguei,0
bostiar,0
defecar,0
escretar,0
cagar,0
Iscroto,0
Iscrota,0
Idiotice,0
Grelo,0
Grelinho,0
Gosmento,0
Gosmenta,0
Gosma,0
Gonorrea,0
Furnicar,0
Furnica,0
Furão,0
Furado,0
Furada,0
Fudida,0
Fudecao,0
Fudendo,0
Fornica,0
FodidaFodido,0
Fode,0
Fodao,0
Felacao,0
Feiozo,0
Feioza,0
Feioso,0
Feiosa,0
Feio,0
Feia,0
Fedorenta,0
Fedor,0
Fedido,0
Fedida,0
Estupidez,0
Estupida,0
Esporro,0
Esporrada,0
Escrota,0
Egua,0
Doido,0
Doida,0
Difunto,0
Demonio,0
Defunto,0
Debiloide,0
Debil,0
Cuzudo,0
Cuzuda,0
Cuzao,0
Curalho,0
Culhao,0
Cruz-credo,0
Cretino,0
Cretina,0
Corrupto,0
Corrupta,0
Cornudo,0
Cornuda,0
Corno,0
Corna,0
Cocaina,0
Clitoris,0
Chupado,0
Chochota,0
Chota,0
Chifrudo,0
Chifruda,0
Chibumbo,0
Chibumba,0
Chereca,0
Checheca,0
Cassete,0
Casseta,0
Canalha,0
Cagona,0
Cagao,0
Cagado,0
Caga,0
Cadela,0
Busseta,0
Burra,0
Bunduda,0
Bunda,0
Buca,0
Bronha,0
Brioco,0
Bostana,0
Bosseta,0
Boiola,0
Boazuda,0
Bixa,0
Besta,0
Bagos,0
Anus,0
Zureta,0
Zulu,0
Zuera,0
Zuado,0
Zoneira,0
Zoiudo,0
ZeBuceta,0
Xupisco,0
Xupetinha,0
Xoxota,0
Xixizento,0
Xereca,0
Xavasca,0
Viado,0
Verme,0
Vaitomarnocu,0
vaisefuder,0
Vaiamerda,0
Vagaranha,0
Vagabundo,0
Vadia,0
Urubu,0
Troglodita,0
Trepadeira,0
Travesti,0
Tragado,0
Tosco,0
Tetudo,0
Tetuda,0
Tesao,0
Arrombada,0
Tarado,0
Tapado,0
Sujo,0
Sanguesuga,0
Rusguento,0
Retardado,0
Raspadinha,0
Rapariga,0
Rampero,0
Quirguistao,0
Quenga,0
PutaQuePariu,0
Punheta,0
prostituta,0
Pistoleira,0
Piroca,0
Piranha,0
Pimenteira,0
Periquita,0
PauNoCu,0
Passaralho,0
Panaca,0
Otario,0
OlhoGordo,0
Olhodocu,0
Ogro,0
Nonsense,0
Nhaca,0
Newbie,0
Nazista,0
Mulambo,0
Morfetico,0
MontedeMerda,0
Mocorongo,0
MiolodeCu,0
Meretriz,0
lombriga,0
Limpezaanal,0
Lezado,0
lesma,0
lazarento,0
Ku,0
KCT,0
Jumento,0
Jegue,0
Jacu,0
Invertebrado,0
Inseto,0
Imundo,0
Imbecil,0
Idiota,0
Gozado,0
GordoEscroto,0
Gonorreia,0
Fulera,0
Fudido,0
Foda,0
Fiofo,0
FilhodaPuta,0
Fidumaegua,0
FDP,0
Estupido,0
Estrunxado,0
Estrume,0
Estigalhado,0
Esporrado,0
Esdruxulo,0
Escroto,0
EngoleRola,0
Enfianocu,0
Energumeno,0
Endemoniado,0
EGUENORANTE,0
Desgracado,0
Demente,0
DebilMental,0
Cu,0
Cocozento,0
Caralho,0
Capiroto,0
Cadelona,0
Cacete,0
Burro,0
Bundao,0
Boquete,0
Boqueteiro,0
bolagato,0
Bicha,0
Biba,0
Baitola,0
Babaca,0
Arrombado,0
Arregassado,0
AnimaldeTeta,0
buceta,0
merda,0
fuder,0
puta que pariu,0
porra,0
puta,0
Vai tomar no cu,0
cuzinho,0
bosta,0
xoxotinha,0
bucetona,0
Caguei,0
bucetinha,0
Chupada,0
vai tnc,0
tomar no cu,0
tomar no cuzinho,0
vai se fuder,0
va se fuder,0
Pepeca,0
Boceta,0
Corruptor,0
Ladrão,0
Desgraçado,0
Genocida,0
Xaninha,0
Xana,0
Xochota,0
Xota,0
Xibumba,0
Xibiu,0
Xexeca,0
Xerereca,0
Viadao,0
Viada,0
Veado,0
Veadao,0
Veada,0
Vagina,0
Vagabunda,0
Troxa,0
Trouxa,0
Troucha,0
Trolha,0
Trocha,0
Tezudo,0
Tezuda,0
Tezao,0
Testuda,0
Tarada,0
Siririca,0
Sifilis,0
Sapatao,0
Safado,0
Safada,0
Sacana,0
Rosca,0
Rolinha,0
Rola,0
Retardada,0
Ramela,0
Rachado,0
Rachadinho,0
Rachadao,0
Rachada,0
Ladrao,0
Rabudo,0
Rabudao,0
Rabuda,0
Rabo,0
Rabao,0
Puxasaco,0
Puxa-saco,0
Puto,0
Pustula,0
Pus,0
Punhetao,0
Prostituto,0
Prost-bulo,0
Prostibulo,0
Prega,0
Piru,0
Piroco,0
Pilantra,0
Picao,0
Pica,0
Peru,0
Perereca,0
Pentelho,0
Rabudona,0
Pentelha,0
Pênis,0
Pemba,0
Peido,0
Peia,0
Pau,0
Paspalho,0
Paspalhao,0
Nojo,0
Nojento,0
Nojenta,0
Nojeira,0
Nadega,0
Mondrongo,0
Mondronga,0
Moleque,0
Moleca,0
Mocreia,0
Mocrea,0
Mijo,0
Mijado,0
Mijada,0
Mija,0
Meleca,0
Masturba,0
Mangua¦a,0
Manguaca,0
Machorra,0
Machona,0
Lalau,0
Ladrona,0
Ladroeira,0
comendo,0
teta,0
pau,0
paula dentro,0
paula fora,0
te comi de 4,0
viadinho,0
viadão,0
viadinha,0
vadiazinha,0
vaca,0
lAZaREntO,0
 8uCETonA,0
 xOxOTinhA,0
 puTInha,0
 PUtOnA,0
 8i5cAte,0
 8i5catiNHa,0
 8I5cATOna,0
 8o5tA,0
 kUzInHO,0
 VAi tOMar NO KU,0
 puTA,0
 pOrrA,0
 PuTA kwE pARiu,0
 pHUDEr,0
 mERDa,0
 8Uceta,0
 anIMaLDETeTA,0
 ArrE9AzzAdo,0
 aRROM8ado,0
 8a8acA,0
 8aITOLA,0
 8I8A,0
 8IChA,0
 8olA9atO,0
 8OKwEtEiro,0
 8okwete,0
 8uNDaO,0
 8URro,0
 KACetE,0
 KADelOnA,0
 kApIRoTo,0
 kArAlho,0
 kocoZento,0
 kU,0
 dE8iLmEntal,0
 demEnTe,0
 de59RAcADO,0
 E9UEnoranTE,0
 endEmoNiaDo,0
 eNER9UmEnO,0
 enfIaNoCu,0
 eN9OlerolA,0
 E5cRotO,0
 E5DRuxUlo,0
 e5PORRadO,0
 E5ti9aLhado,0
 e5tRUme,0
 E5tRuNXADo,0
 e5tupidO,0
 PHDp,0
 phIDUMae9UA,0
 PHIlhoDaPUTA,0
 PHiOFO,0
 Phoda,0
 PhUdido,0
 phuLErA,0
 9oNorREiA,0
 9OrdOE5cRoTo,0
 9oZADo,0
 IdiOTa,0
 im8eCil,0
 Imundo,0
 iN5Eto,0
 invERTe8RadO,0
 jaCU,0
 jE9Ue,0
 jumeNtO,0
 KCT,0
 Ku,0
 le5ma,0
 leZADO,0
 LimPeZaANal,0
 lom8rI9a,0
 mEReTrIz,0
 MioLOdeCU,0
 MoCorON9O,0
 moNTEDemerDa,0
 MoRfETiCO,0
 MUlaM8o,0
 naZI5TA,0
 nEW8IE,0
 nHaCa,0
 nOn5EN5E,0
 o9ro,0
 OlHodoCU,0
 OLhO9ORdO,0
 OTARIO,0
 paNaCA,0
 paZzAralHo,0
 paUnoCU,0
 peRiKWIta,0
 PImENteiRA,0
 pIRANHA,0
 pIrOcA,0
 PI5tOleIra,0
 pRo5tituTa,0
 pUnheTa,0
 PutakwEParIu,0
 kweN9a,0
 kWIR9uI5Tao,0
 ramPERo,0
 RaPArI9A,0
 rA5pAdINha,0
 REtARDado,0
 Ru59UEntO,0
 5An9UE5u9a,0
 5UJO,0
 TApAdo,0
 tArado,0
 Te5Ao,0
 TETUDa,0
 tEtUdO,0
 to5co,0
 Tra9AdO,0
 TRaVE5tI,0
 TREPaDEIra,0
 tRo9lodiTa,0
 urU8U,0
 VadIa,0
 va9a8unDo,0
 VA9ARAnHa,0
 VaIaMERDA,0
 vai5EFuDEr,0
 VaitOMARNOCu,0
 veRME,0
 VIAdO,0
 v1ado,0
 v1ad1nho,0
 vi4dinho,0
 v14d1nh0,0
 xAVa5cA,0
 xEreCA,0
 XIxizeNTo,0
 XoXoTA,0
 XUPeTinhA,0
 xupI5cO,0
 Ze8uCeTa,0
 ZoiudO,0
 zonEIRa,0
 ZUaDo,0
 ZueRA,0
 ZuLU,0
 ZuREtA,0
 aNu5,0
 8A9o5,0
 8E5TA,0
 8IxA,0
 8oazUda,0
 8oIOLA,0
 8O55Eta,0
 8o5taNA,0
 8riOCO,0
 8rONha,0
 8ucA,0
 8UNdA,0
 8Unduda,0
 8uRrA,0
 8U55etA,0
 KADELA,0
 KA9a,0
 Ka9ADo,0
 kA9ao,0
 ka9Ona,0
 kaNaLHa,0
 KAzZeta,0
 kazZEte,0
 ChEcHEca,0
 CHEReCa,0
 cHI8Um8a,0
 CHi8uM8O,0
 cHIFrUdA,0
 cHIfRudO,0
 CHOtA,0
 cHochoTa,0
 ChUpada,0
 CHUPADo,0
 CLITOrI5,0
 kocaIna,0
 KOrNa,0
 korno,0
 kORNudA,0
 KornUDo,0
 koRRupta,0
 korRuPTo,0
 cReTIna,0
 CrEtino,0
 cRuz-CRedo,0
 KuLHAO,0
 kurAlhO,0
 KuZAo,0
 kuzuDA,0
 KuZUDo,0
 DE8IL,0
 De8iloIDE,0
 DeFuNto,0
 demoNiO,0
 diFUntO,0
 DOidA,0
 dOIdo,0
 E9UA,0
 e5crOTA,0
 E5pORraDa,0
 E5POrRo,0
 E5tuPiDa,0
 E5TUpIdez,0
 phEDIdA,0
 PhEDido,0
 pheDOR,0
 PHeDoREntA,0
 PhEiA,0
 pHEIo,0
 PHEio5A,0
 PHEiO5O,0
 pHeIOZA,0
 phEiOzo,0
 PHElACAO,0
 phodaO,0
 phOde,0
 phOdidaFoDido,0
 pHORniCA,0
 PHuDENDo,0
 pHUdEcAO,0
 PHudiDa,0
 phuRADa,0
 PhURado,0
 PHurão,0
 PhuRNIca,0
 PHuRNiCAR,0
 9OnORrea,0
 9o5Ma,0
 9O5meNta,0
 9O5MENTO,0
 9rElinHo,0
 9ReLO,0
 idioTIcE,0
 I5CroTa,0
 I5CROto,0
 LaDrAO,0
 LadroeiRA,0
 laDRona,0
 laLAU,0
 MAChoNa,0
 MAchOrRA,0
 MaN9Uaca,0
 Man9ua¦a,0
 ma5Tur8a,0
 MEleCA,0
 Mija,0
 mIJADA,0
 MIjAdo,0
 Mijo,0
 mocreA,0
 mocrEIa,0
 moLECA,0
 MOLekWE,0
 MoNdROn9A,0
 mOndRoN9O,0
 NAdE9a,0
 nOJeiRA,0
 NOjenTA,0
 NojeNTo,0
 NOJO,0
 pa5pALhAo,0
 pA5PALho,0
 pAU,0
 PeiA,0
 PEIDO,0
 pEm8A,0
 PênI5,0
 pEntELHA,0
 PeNTElhO,0
 peREreCA,0
 perU,0
 pica,0
 PiCao,0
 PiLANTRa,0
 PiROcO,0
 PIRU,0
 prE9a,0
 PRO5tI8ulo,0
 Pro5T-8ulO,0
 pRO5TituTO,0
 PUNhETao,0
 Pu5,0
 pU5tUla,0
 puto,0
 pUXa-5Aco,0
 pUXA5ACO,0
 ra8Ao,0
 Ra8o,0
 rA8uda,0
 rA8UdAO,0
 RA8uDO,0
 rA8UDOnA,0
 RaChada,0
 rachadAO,0
 racHaDinHO,0
 rachADO,0
 RamELA,0
 rETaRDada,0
 rOLA,0
 rOLINHA,0
 Ro5ca,0
 5ACaNa,0
 5AfadA,0
 5aFADO,0
 5apATAo,0
 5iFiLI5,0
 5iRIriCA,0
 tAradA,0
 te5tUDa,0
 TeZaO,0
 teZUda,0
 tezUDo,0
 troCHa,0
 TRoLha,0
 TrOuChA,0
 trOUxa,0
 TrOxa,0
 VA9a8unDa,0
 Va9ina,0
 veAda,0
 VeaDAo,0
 vEADo,0
 viAdA,0
 vIAdao,0
 XErERecA,0
 XexECa,0
 xi8IU,0
 XI8Um8a,0
 XOTa,0
 XoCHota,0
 XANA,0
 XAniNHA,0
 9ENoCiDa,0
 DE59RaÇado,0
 laDRÃO,0
 korRuPtoR,0
 8OceTA,0
 PePecA,0
 ArRoM8ada,0
 PAUzuDo,0
 9ozaDoR,0
 pinTUdO,0
 tE5ÃO,0
 PEtI5ta,0
 cENtrÃo,0
 CENtraO,0
 5Tf,0
 8UcETUDA,0
 aniMaL,0
 8UCetINHa,0
 Ka9uEI,0
 8o5tiAR,0
 DEFEcAr,0
 e5CREtar,0
 KA9AR,0
 I5cROto,0
 I5cRota,0
 iDiotICe,0
 9rElo,0
 9reLinho,0
 9O5MeNtO,0
 9o5MEnTa,0
 9o5mA,0
 9oNOrREa,0
 pHuRNicAR,0
 PhUrNiCa,0
 PhuRãO,0
 phuraDo,0
 pHUrada,0
 PHudiDA,0
 PHuDeCao,0
 phuDeNdo,0
 pHOrniCa,0
 pHoDidAfOdIdo,0
 PHODE,0
 phOdAO,0
 PHeLAcAO,0
 phEIoZo,0
 PHEiOZA,0
 PHeiO5O,0
 PHeIO5a,0
 phEIo,0
 Pheia,0
 phEdOREnTA,0
 PhEdor,0
 phEDIDO,0
 PHEdIDa,0
 e5TupIdEz,0
 e5tUpIdA,0
 e5pORrO,0
 e5poRRaDA,0
 E5CRota,0
 E9UA,0
 doidO,0
 doIDA,0
 Difunto,0
 DEMONIO,0
 DEfUNtO,0
 dE8iloIdE,0
 de8Il,0
 kUzudO,0
 kUZuDa,0
 kuZao,0
 KUralho,0
 KulhAO,0
 Cruz-cREdo,0
 cRetIno,0
 cREt  INa,0
 koRRuPTO,0
 kORrUPTa,0
 KOrNUdO,0
 kOrnuDA,0
 koRNo,0
 kOrNA,0
 kocaINa,0
 CLiTORI5,0
 cHuPADO,0
 chochOtA,0
 cHOta,0
 CHIFrUDo,0
 cHiFRUDA,0
 chI8um8O,0
 ChI8um8A,0
 CheRECa,0
 cHecheca,0
 kaZZeTE,0
 KAzZEtA,0
 kaNaLha,0
 ka9Ona,0
 ka9aO,0
 Ka9ado,0
 ka9A,0
 kadELA,0
 8u55etA,0
 8UrRa,0
 8uNDuDa,0
 8uNda,0
 8UCA,0
 8rONhA,0
 8RiocO,0
 8o5tanA,0
 8o55etA,0
 8OiolA,0
 8oAzudA,0
 8IxA,0
 8E5Ta,0
 8A9o5,0
 ANu5,0
 ZurETa,0
 zULU,0
 zUEra,0
 zUADo,0
 Zoneira,0
 zoIuDO,0
 Ze8UceTA,0
 xUPi5Co,0
 XUPetiNHA,0
 xoxOta,0
 xixIZeNTO,0
 xeRECa,0
 XAva5cA,0
 vIaDO,0
 vErmE,0
 VaitoMaRnocu,0
 vAi5EFuDer,0
 vaIAmERdA,0
 vA9aRANHA,0
 va9A8Undo,0
 VaDia,0
 URU8u,0
 tro9LoDiTa,0
 TrepaDeiRa,0
 tRAvE5TI,0
 Tra9Ado,0
 tO5cO,0
 teTudO,0
 tEtudA,0
 TE5Ao,0
 aRROm8aDa,0
 TaraDO,0
 TApaDO,0
 5Ujo,0
 5AN9UE5u9A,0
 RU59UENtO,0
 rETaRdadO,0
 RA5padINHA,0
 rapARi9A,0
 RaMpero,0
 KwiR9UI5Tao,0
 KweN9a,0
 PUTAKWepaRIU,0
 PuNHEta,0
 PrO5TiTutA,0
 PI5tOLEiRA,0
 pIroCa,0
 PIrAnHa,0
 PimenTeIra,0
 peRikWIta,0
 PAUNOcu,0
 PAzZARaLho,0
 PAnaca,0
 otaRiO,0
 olHo9orDo,0
 oLHoDocU,0
 o9RO,0
 Non5en5E,0
 nhAca,0
 nEW8ie,0
 NaZi5tA,0
 muLAM8o,0
 mORfETICO,0
 moNTEdEMERdA,0
 moCoRoN9o,0
 mIolODEcU,0
 mERetriz,0
 lOm8rI9a,0
 LiMpezAanAl,0
 LEZaDo,0
 Le5MA,0
 LAZAreNto,0
 ku,0
 kcT,0
 jUMENTo,0
 je9uE,0
 JACu,0
 InVeRte8raDo,0
 in5eTO,0
 iMUndo,0
 im8EcIL,0
 IdiotA,0
 9OzADO,0
 9oRDOE5CRotO,0
 9ONOrreIA,0
 PHuLEra,0
 pHudiDo,0
 Phoda,0
 PHIofO,0
 phILHoDAputa,0
 PHIDumaE9ua,0
 Phdp,0
 E5Tupido,0
 e5tRUNXaDo,0
 e5TRuME,0
 E5ti9aLHaDO,0
 E5pORrADo,0
 E5DRuXULo,0
 e5CrOto,0
 eN9OLerOLa,0
 eNFiANOcU,0
 EnEr9UmENo,0
 EnDEmONIAdO,0
 e9uENorANte,0
 De59RaCADo,0
 DEmentE,0
 de8IlmENTAl,0
 Ku,0
 KOCoZENTo,0
 karalho,0
 KApIROTo,0
 kaDeLONA,0
 KAcetE,0
 8uRrO,0
 8UnDao,0
 8okwEtE,0
 8OkweTeiro,0
 8Ola9ATo,0
 8iCha,0
 8I8A,0
 8AItoLA,0
 8a8acA,0
 arrom8Ado,0
 ARRE9azZAdO,0
 AniMalDeTeta,0
 8Uceta,0
 mErDA,0
 phuder,0
 PuTa KWE PaRiu,0
 PoRrA,0
 puta,0
 vAi ToMAR NO kU,0
 kuzINHO,0
 8O5ta,0
 XoxotInha,0
 8UCEtoNa,0
 ka9UeI,0
 8uCETINHA,0
 chUPada,0
 vAi tNc,0
 toMAR no kU,0
 tomaR no kUZInHo,0
 VAi ze PhuDER,0
 Va Ze PhUder,0
 pEpEca,0
 8OCeTa,0
 KORruPTor,0
 lADRão,0
 dE59RaÇado,0
 9eNoCidA,0
 xaNinHa,0
 xaNA,0
 XoChotA,0
 XOtA,0
 Xi8um8a,0
 xi8iu,0
 XEXeCA,0
 XEreReca,0
 ViaDAO,0
 viADA,0
 vEadO,0
 vEAdAO,0
 veaDa,0
 vA9Ina,0
 vA9a8uNdA,0
 TrOxa,0
 tRouXA,0
 TRoUcHA,0
 trOLHA,0
 tRoCHA,0
 TeZUdO,0
 TeZudA,0
 teZAO,0
 tE5TUDA,0
 tARaDA,0
 5IRIRiCA,0
 5IFILI5,0
 5apAtaO,0
 5AfaDo,0
 5afAda,0
 5ACANa,0
 rO5CA,0
 roLINHA,0
 roLa,0
 ReTardaDa,0
 RAmElA,0
 rAChaDo,0
 RaCHAdInHO,0
 RACHaDaO,0
 RacHADa,0
 lADraO,0
 Ra8UDo,0
 RA8uDaO,0
 Ra8UDA,0
 Ra8o,0
 RA8Ao,0
 Puxa5aCO,0
 Puxa-5ACo,0
 putO,0
 pu5tulA,0
 PU5,0
 PUNHeTaO,0
 PrO5tiTUto,0
 pRo5T-8uLO,0
 PRO5ti8ULO,0
 prE9a,0
 pirU,0
 PirocO,0
 PiLAntra,0
 Picao,0
 PicA,0
 PErU,0
 PEReReCA,0
 pEntELHO,0
 rA8UDoNA,0
 pENtElHa,0
 PênI5,0
 pEm8A,0
 Peido,0
 peia,0
 Pau,0
 pA5palHO,0
 PA5paLhao,0
 NOJO,0
 NojEnto,0
 nojENtA,0
 NOJEiRa,0
 nade9A,0
 MondRoN9o,0
 MonDRoN9A,0
 MOLEkWe,0
 MOLEcA,0
 mocREIA,0
 mOcReA,0
 MIjo,0
 MIjADO,0
 MIjadA,0
 Mija,0
 mELECA,0
 MA5TUR8A,0
 mAN9uA¦A,0
 MAN9Uaca,0
 maChorra,0
 macHona,0
 lALAu,0
 LAdRonA,0
 ladRoeIRA,0
 KOmENDo,0
 teTa,0
 Pau,0
 PaULa Dentro,0
 PaULA pHOrA,0
 Te kOMI DE 4,0
 l4z4r3nto,0
 buc3ton4,0
 xoxot1nh4,0
 put1nh4,0
 puton4,0
 b1sc4t3,0
 b1sc4t1nh4,0
 b1sc4ton4,0
 bost4,0
 cuz1nho,0
 v41 tom4r no cu,0
 put4,0
 porr4,0
 put4 qu3 p4r1u,0
 fud3r,0
 m3rd4,0
 buc3t4,0
 4n1m4ld3t3t4,0
 4rr3&4ss4do,0
 4rromb4do,0
 b4b4c4,0
 b41tol4,0
 b1b4,0
 b1ch4,0
 bol4&4to,0
 boqu3t31ro,0
 boqu3t3,0
 bund4o,0
 burro,0
 c4c3t3,0
 c4d3lon4,0
 c4p1roto,0
 c4r4lho,0
 cocoz3nto,0
 cu,0
 d3b1lm3nt4l,0
 d3m3nt3,0
 d3s&r4c4do,0
 3&u3nor4nt3,0
 3nd3mon14do,0
 3n3r&um3no,0
 3nf14nocu,0
 3n&ol3rol4,0
 3scroto,0
 3sdruxulo,0
 3sporr4do,0
 3st1&4lh4do,0
 3strum3,0
 3strunx4do,0
 3stup1do,0
 fdp,0
 f1dum43&u4,0
 f1lhod4put4,0
 f1ofo,0
 fod4,0
 fud1do,0
 ful3r4,0
 &onorr314,0
 &ordo3scroto,0
 &oz4do,0
 1d1ot4,0
 1mb3c1l,0
 1mundo,0
 1ns3to,0
 1nv3rt3br4do,0
 j4cu,0
 j3&u3,0
 jum3nto,0
 kct,0
 ku,0
 l3sm4,0
 l3z4do,0
 l1mp3z44n4l,0
 lombr1&4,0
 m3r3tr1z,0
 m1olod3cu,0
 mocoron&o,0
 mont3d3m3rd4,0
 morf3t1co,0
 mul4mbo,0
 n4z1st4,0
 n3wb13,0
 nh4c4,0
 nons3ns3,0
 o&ro,0
 olhodocu,0
 olho&ordo,0
 ot4r1o,0
 p4n4c4,0
 p4ss4r4lho,0
 p4unocu,0
 p3r1qu1t4,0
 p1m3nt31r4,0
 p1r4nh4,0
 p1roc4,0
 p1stol31r4,0
 prost1tut4,0
 punh3t4,0
 put4qu3p4r1u,0
 qu3n&4,0
 qu1r&u1st4o,0
 r4mp3ro,0
 r4p4r1&4,0
 r4sp4d1nh4,0
 r3t4rd4do,0
 rus&u3nto,0
 s4n&u3su&4,0
 sujo,0
 t4p4do,0
 t4r4do,0
 t3s4o,0
 t3tud4,0
 t3tudo,0
 tosco,0
 tr4&4do,0
 tr4v3st1,0
 tr3p4d31r4,0
 tro&lod1t4,0
 urubu,0
 v4d14,0
 v4&4bundo,0
 v4&4r4nh4,0
 v414m3rd4,0
 v41s3fud3r,0
 v41tom4rnocu,0
 v3rm3,0
 v14do,0
 x4v4sc4,0
 x3r3c4,0
 x1x1z3nto,0
 xoxot4,0
 xup3t1nh4,0
 xup1sco,0
 z3buc3t4,0
 zo1udo,0
 zon31r4,0
 zu4do,0
 zu3r4,0
 zulu,0
 zur3t4,0
 4nus,0
 b4&os,0
 b3st4,0
 b1x4,0
 bo4zud4,0
 bo1ol4,0
 boss3t4,0
 bost4n4,0
 br1oco,0
 bronh4,0
 buc4,0
 bund4,0
 bundud4,0
 burr4,0
 buss3t4,0
 c4d3l4,0
 c4&4,0
 c4&4do,0
 c4&4o,0
 c4&on4,0
 c4n4lh4,0
 c4ss3t4,0
 c4ss3t3,0
 ch3ch3c4,0
 ch3r3c4,0
 ch1bumb4,0
 ch1bumbo,0
 ch1frud4,0
 ch1frudo,0
 chot4,0
 chochot4,0
 chup4d4,0
 chup4do,0
 cl1tor1s,0
 coc41n4,0
 corn4,0
 corno,0
 cornud4,0
 cornudo,0
 corrupt4,0
 corrupto,0
 cr3t1n4,0
 cr3t1no,0
 cruz-cr3do,0
 culh4o,0
 cur4lho,0
 cuz4o,0
 cuzud4,0
 cuzudo,0
 d3b1l,0
 d3b1lo1d3,0
 d3funto,0
 d3mon1o,0
 d1funto,0
 do1d4,0
 do1do,0
 3&u4,0
 3scrot4,0
 3sporr4d4,0
 3sporro,0
 3stup1d4,0
 3stup1d3z,0
 f3d1d4,0
 f3d1do,0
 f3dor,0
 f3dor3nt4,0
 f314,0
 f31o,0
 f31os4,0
 f31oso,0
 f31oz4,0
 f31ozo,0
 f3l4c4o,0
 fod4o,0
 fod3,0
 fod1d4fod1do,0
 forn1c4,0
 fud3ndo,0
 fud3c4o,0
 fud1d4,0
 fur4d4,0
 fur4do,0
 furão,0
 furn1c4,0
 furn1c4r,0
 &onorr34,0
 &osm4,0
 &osm3nt4,0
 &osm3nto,0
 &r3l1nho,0
 &r3lo,0
 1d1ot1c3,0
 1scrot4,0
 1scroto,0
 l4dr4o,0
 l4dro31r4,0
 l4dron4,0
 l4l4u,0
 m4chon4,0
 m4chorr4,0
 m4n&u4c4,0
 m4n&u4¦4,0
 m4sturb4,0
 m3l3c4,0
 m1j4,0
 m1j4d4,0
 m1j4do,0
 m1jo,0
 mocr34,0
 mocr314,0
 mol3c4,0
 mol3qu3,0
 mondron&4,0
 mondron&o,0
 n4d3&4,0
 noj31r4,0
 noj3nt4,0
 noj3nto,0
 nojo,0
 p4sp4lh4o,0
 p4sp4lho,0
 p4u,0
 p314,0
 p31do,0
 p3mb4,0
 pên1s,0
 p3nt3lh4,0
 p3nt3lho,0
 p3r3r3c4,0
 p3ru,0
 p1c4,0
 p1c4o,0
 p1l4ntr4,0
 p1roco,0
 p1ru,0
 pr3&4,0
 prost1bulo,0
 prost-bulo,0
 prost1tuto,0
 punh3t4o,0
 pus,0
 pustul4,0
 puto,0
 pux4-s4co,0
 pux4s4co,0
 r4b4o,0
 r4bo,0
 r4bud4,0
 r4bud4o,0
 r4budo,0
 r4budon4,0
 r4ch4d4,0
 r4ch4d4o,0
 r4ch4d1nho,0
 r4ch4do,0
 r4m3l4,0
 r3t4rd4d4,0
 rol4,0
 rol1nh4,0
 rosc4,0
 s4c4n4,0
 s4f4d4,0
 s4f4do,0
 s4p4t4o,0
 s1f1l1s,0
 s1r1r1c4,0
 t4r4d4,0
 t3stud4,0
 t3z4o,0
 t3zud4,0
 t3zudo,0
 troch4,0
 trolh4,0
 trouch4,0
 troux4,0
 trox4,0
 v4&4bund4,0
 v4&1n4,0
 v34d4,0
 v34d4o,0
 v34do,0
 v14d4,0
 v14d4o,0
 x3r3r3c4,0
 x3x3c4,0
 x1b1u,0
 x1bumb4,0
 xot4,0
 xochot4,0
 x4n4,0
 x4n1nh4,0
 &3noc1d4,0
 d3s&r4ç4do,0
 l4drão,0
 corruptor,0
 boc3t4,0
 p3p3c4,0
 4rromb4d4,0
 p4uzudo,0
 &oz4dor,0
 p1ntudo,0
 t3são,0
 p3t1st4,0
 c3ntrão,0
 c3ntr4o,0
 stf,0
 buc3tud4,0
 4n1m4l,0
 buc3t1nh4,0
 c4&u31,0
 bost14r,0
 d3f3c4r,0
 3scr3t4r,0
 c4&4r,0
 1scroto,0
 1scrot4,0
 1d1ot1c3,0
 &r3lo,0
 &r3l1nho,0
 &osm3nto,0
 &osm3nt4,0
 &osm4,0
 &onorr34,0
 furn1c4r,0
 furn1c4,0
 furão,0
 fur4do,0
 fur4d4,0
 fud1d4,0
 fud3c4o,0
 fud3ndo,0
 forn1c4,0
 fod1d4fod1do,0
 fod3,0
 fod4o,0
 f3l4c4o,0
 f31ozo,0
 f31oz4,0
 f31oso,0
 f31os4,0
 f31o,0
 f314,0
 f3dor3nt4,0
 f3dor,0
 f3d1do,0
 f3d1d4,0
 3stup1d3z,0
 3stup1d4,0
 3sporro,0
 3sporr4d4,0
 3scrot4,0
 3&u4,0
 do1do,0
 do1d4,0
 d1funto,0
 d3mon1o,0
 d3funto,0
 d3b1lo1d3,0
 d3b1l,0
 cuzudo,0
 cuzud4,0
 cuz4o,0
 cur4lho,0
 culh4o,0
 cruz-cr3do,0
 cr3t1no,0
 cr3t1n4,0
 corrupto,0
 corrupt4,0
 cornudo,0
 cornud4,0
 corno,0
 corn4,0
 coc41n4,0
 cl1tor1s,0
 chup4do,0
 chochot4,0
 chot4,0
 ch1frudo,0
 ch1frud4,0
 ch1bumbo,0
 ch1bumb4,0
 ch3r3c4,0
 ch3ch3c4,0
 c4ss3t3,0
 c4ss3t4,0
 c4n4lh4,0
 c4&on4,0
 c4&4o,0
 c4&4do,0
 c4&4,0
 c4d3l4,0
 buss3t4,0
 burr4,0
 bundud4,0
 bund4,0
 buc4,0
 bronh4,0
 br1oco,0
 bost4n4,0
 boss3t4,0
 bo1ol4,0
 bo4zud4,0
 b1x4,0
 b3st4,0
 b4&os,0
 4nus,0
 zur3t4,0
 zulu,0
 zu3r4,0
 zu4do,0
 zon31r4,0
 zo1udo,0
 z3buc3t4,0
 xup1sco,0
 xup3t1nh4,0
 xoxot4,0
 x1x1z3nto,0
 x3r3c4,0
 x4v4sc4,0
 v14do,0
 v3rm3,0
 v41tom4rnocu,0
 v41s3fud3r,0
 v414m3rd4,0
 v4&4r4nh4,0
 v4&4bundo,0
 v4d14,0
 urubu,0
 tro&lod1t4,0
 tr3p4d31r4,0
 tr4v3st1,0
 tr4&4do,0
 tosco,0
 t3tudo,0
 t3tud4,0
 t3s4o,0
 4rromb4d4,0
 t4r4do,0
 t4p4do,0
 sujo,0
 s4n&u3su&4,0
 rus&u3nto,0
 r3t4rd4do,0
 r4sp4d1nh4,0
 r4p4r1&4,0
 r4mp3ro,0
 qu1r&u1st4o,0
 qu3n&4,0
 put4qu3p4r1u,0
 punh3t4,0
 prost1tut4,0
 p1stol31r4,0
 p1roc4,0
 p1r4nh4,0
 p1m3nt31r4,0
 p3r1qu1t4,0
 p4unocu,0
 p4ss4r4lho,0
 p4n4c4,0
 ot4r1o,0
 olho&ordo,0
 olhodocu,0
 o&ro,0
 nons3ns3,0
 nh4c4,0
 n3wb13,0
 n4z1st4,0
 mul4mbo,0
 morf3t1co,0
 mont3d3m3rd4,0
 mocoron&o,0
 m1olod3cu,0
 m3r3tr1z,0
 lombr1&4,0
 l1mp3z44n4l,0
 l3z4do,0
 l3sm4,0
 l4z4r3nto,0
 ku,0
 kct,0
 jum3nto,0
 j3&u3,0
 j4cu,0
 1nv3rt3br4do,0
 1ns3to,0
 1mundo,0
 1mb3c1l,0
 1d1ot4,0
 &oz4do,0
 &ordo3scroto,0
 &onorr314,0
 ful3r4,0
 fud1do,0
 fod4,0
 f1ofo,0
 f1lhod4put4,0
 f1dum43&u4,0
 fdp,0
 3stup1do,0
 3strunx4do,0
 3strum3,0
 3st1&4lh4do,0
 3sporr4do,0
 3sdruxulo,0
 3scroto,0
 3n&ol3rol4,0
 3nf14nocu,0
 3n3r&um3no,0
 3nd3mon14do,0
 3&u3nor4nt3,0
 d3s&r4c4do,0
 d3m3nt3,0
 d3b1lm3nt4l,0
 cu,0
 cocoz3nto,0
 c4r4lho,0
 c4p1roto,0
 c4d3lon4,0
 c4c3t3,0
 burro,0
 bund4o,0
 boqu3t3,0
 boqu3t31ro,0
 bol4&4to,0
 b1ch4,0
 b1b4,0
 b41tol4,0
 b4b4c4,0
 4rromb4do,0
 4rr3&4ss4do,0
 4n1m4ld3t3t4,0
 buc3t4,0
 m3rd4,0
 fud3r,0
 put4 qu3 p4r1u,0
 porr4,0
 put4,0
 v41 tom4r no cu,0
 cuz1nho,0
 bost4,0
 xoxot1nh4,0
 buc3ton4,0
 c4&u31,0
 buc3t1nh4,0
 chup4d4,0
 v41 tnc,0
 tom4r no cu,0
 tom4r no cuz1nho,0
 v41 s3 fud3r,0
 v4 s3 fud3r,0
 p3p3c4,0
 boc3t4,0
 corruptor,0
 l4drão,0
 d3s&r4ç4do,0
 &3noc1d4,0
 x4n1nh4,0
 x4n4,0
 xochot4,0
 xot4,0
 x1bumb4,0
 x1b1u,0
 x3x3c4,0
 x3r3r3c4,0
 v14d4o,0
 v14d4,0
 v34do,0
 v34d4o,0
 v34d4,0
 v4&1n4,0
 v4&4bund4,0
 trox4,0
 troux4,0
 trouch4,0
 trolh4,0
 troch4,0
 t3zudo,0
 t3zud4,0
 t3z4o,0
 t3stud4,0
 t4r4d4,0
 s1r1r1c4,0
 s1f1l1s,0
 s4p4t4o,0
 s4f4do,0
 s4f4d4,0
 s4c4n4,0
 rosc4,0
 rol1nh4,0
 rol4,0
 r3t4rd4d4,0
 r4m3l4,0
 r4ch4do,0
 r4ch4d1nho,0
 r4ch4d4o,0
 r4ch4d4,0
 l4dr4o,0
 r4budo,0
 r4bud4o,0
 r4bud4,0
 r4bo,0
 r4b4o,0
 pux4s4co,0
 pux4-s4co,0
 puto,0
 pustul4,0
 pus,0
 punh3t4o,0
 prost1tuto,0
 prost-bulo,0
 prost1bulo,0
 pr3&4,0
 p1ru,0
 p1roco,0
 p1l4ntr4,0
 p1c4o,0
 p1c4,0
 p3ru,0
 p3r3r3c4,0
 p3nt3lho,0
 r4budon4,0
 p3nt3lh4,0
 pên1s,0
 p3mb4,0
 p31do,0
 p314,0
 p4u,0
 p4sp4lho,0
 p4sp4lh4o,0
 nojo,0
 noj3nto,0
 noj3nt4,0
 noj31r4,0
 n4d3&4,0
 mondron&o,0
 mondron&4,0
 mol3qu3,0
 mol3c4,0
 mocr314,0
 mocr34,0
 m1jo,0
 m1j4do,0
 m1j4d4,0
 m1j4,0
 m3l3c4,0
 m4sturb4,0
 m4n&u4¦4,0
 m4n&u4c4,0
 m4chorr4,0
 m4chon4,0
 l4l4u,0
 l4dron4,0
 l4dro31r4,0
 com3ndo,0
 t3t4,0
 p4u,0
 p4ul4 d3ntro,0
 p4ul4 for4,0
 t3 com1 d3 4. l4z4r&nto,0
 6uc&ton4,0
 xoxot1nh4,0
 put1nh4,0
 puton4,0
 61$c4t&,0
 61$c4t1nh4,0
 61$c4ton4,0
 6o$t4,0
 cuz1nho,0
 /41 tom4r no cu,0
 put4,0
 porr4,0
 put4 qu& p4r1u,0
 fud&r,0
 m&rd4,0
 6uc&t4,0
 4n1m4ld&t&t4,0
 4rr&&4$$4do,0
 4rrom64do,0
 6464c4,0
 641tol4,0
 6164,0
 61ch4,0
 6ol4&4to,0
 6oqu&t&1ro,0
 6oqu&t&,0
 6und4o,0
 6urro,0
 c4c&t&,0
 c4d&lon4,0
 c4p1roto,0
 c4r4lho,0
 cocoz&nto,0
 cu,0
 d&61lm&nt4l,0
 d&m&nt&,0
 d&$&r4c4do,0
 &&u&nor4nt&,0
 &nd&mon14do,0
 &n&r&um&no,0
 &nf14nocu,0
 &n&ol&rol4,0
 &$croto,0
 &$druxulo,0
 &$porr4do,0
 &$t1&4lh4do,0
 &$trum&,0
 &$trunx4do,0
 &$tup1do,0
 fdp,0
 f1dum4&&u4,0
 f1lhod4put4,0
 f1ofo,0
 fod4,0
 fud1do,0
 ful&r4,0
 &onorr&14,0
 &ordo&$croto,0
 &oz4do,0
 1d1ot4,0
 1m6&c1l,0
 1mundo,0
 1n$&to,0
 1n/&rt&6r4do,0
 j4cu,0
 j&&u&,0
 jum&nto,0
 kct,0
 ku,0
 l&$m4,0
 l&z4do,0
 l1mp&z44n4l,0
 lom6r1&4,0
 m&r&tr1z,0
 m1olod&cu,0
 mocoron&o,0
 mont&d&m&rd4,0
 morf&t1co,0
 mul4m6o,0
 n4z1$t4,0
 n&w61&,0
 nh4c4,0
 non$&n$&,0
 o&ro,0
 olhodocu,0
 olho&ordo,0
 ot4r1o,0
 p4n4c4,0
 p4$$4r4lho,0
 p4unocu,0
 p&r1qu1t4,0
 p1m&nt&1r4,0
 p1r4nh4,0
 p1roc4,0
 p1$tol&1r4,0
 pro$t1tut4,0
 punh&t4,0
 put4qu&p4r1u,0
 qu&n&4,0
 qu1r&u1$t4o,0
 r4mp&ro,0
 r4p4r1&4,0
 r4$p4d1nh4,0
 r&t4rd4do,0
 ru$&u&nto,0
 $4n&u&$u&4,0
 $ujo,0
 t4p4do,0
 t4r4do,0
 t&$4o,0
 t&tud4,0
 t&tudo,0
 to$co,0
 tr4&4do,0
 tr4/&$t1,0
 tr&p4d&1r4,0
 tro&lod1t4,0
 uru6u,0
 /4d14,0
 /4&46undo,0
 /4&4r4nh4,0
 /414m&rd4,0
 /41$&fud&r,0
 /41tom4rnocu,0
 /&rm&,0
 /14do,0
 x4/4$c4,0
 x&r&c4,0
 x1x1z&nto,0
 xoxot4,0
 xup&t1nh4,0
 xup1$co,0
 z&6uc&t4,0
 zo1udo,0
 zon&1r4,0
 zu4do,0
 zu&r4,0
 zulu,0
 zur&t4,0
 4nu$,0
 64&o$,0
 6&$t4,0
 61x4,0
 6o4zud4,0
 6o1ol4,0
 6o$$&t4,0
 6o$t4n4,0
 6r1oco,0
 6ronh4,0
 6uc4,0
 6und4,0
 6undud4,0
 6urr4,0
 6u$$&t4,0
 c4d&l4,0
 c4&4,0
 c4&4do,0
 c4&4o,0
 c4&on4,0
 c4n4lh4,0
 c4$$&t4,0
 c4$$&t&,0
 ch&ch&c4,0
 ch&r&c4,0
 ch16um64,0
 ch16um6o,0
 ch1frud4,0
 ch1frudo,0
 chot4,0
 chochot4,0
 chup4d4,0
 chup4do,0
 cl1tor1$,0
 coc41n4,0
 corn4,0
 corno,0
 cornud4,0
 cornudo,0
 corrupt4,0
 corrupto,0
 cr&t1n4,0
 cr&t1no,0
 cruz-cr&do,0
 culh4o,0
 cur4lho,0
 cuz4o,0
 cuzud4,0
 cuzudo,0
 d&61l,0
 d&61lo1d&,0
 d&funto,0
 d&mon1o,0
 d1funto,0
 do1d4,0
 do1do,0
 &&u4,0
 &$crot4,0
 &$porr4d4,0
 &$porro,0
 &$tup1d4,0
 &$tup1d&z,0
 f&d1d4,0
 f&d1do,0
 f&dor,0
 f&dor&nt4,0
 f&14,0
 f&1o,0
 f&1o$4,0
 f&1o$o,0
 f&1oz4,0
 f&1ozo,0
 f&l4c4o,0
 fod4o,0
 fod&,0
 fod1d4fod1do,0
 forn1c4,0
 fud&ndo,0
 fud&c4o,0
 fud1d4,0
 fur4d4,0
 fur4do,0
 furão,0
 furn1c4,0
 furn1c4r,0
 &onorr&4,0
 &o$m4,0
 &o$m&nt4,0
 &o$m&nto,0
 &r&l1nho,0
 &r&lo,0
 1d1ot1c&,0
 1$crot4,0
 1$croto,0
 l4dr4o,0
 l4dro&1r4,0
 l4dron4,0
 l4l4u,0
 m4chon4,0
 m4chorr4,0
 m4n&u4c4,0
 m4n&u4¦4,0
 m4$tur64,0
 m&l&c4,0
 m1j4,0
 m1j4d4,0
 m1j4do,0
 m1jo,0
 mocr&4,0
 mocr&14,0
 mol&c4,0
 mol&qu&,0
 mondron&4,0
 mondron&o,0
 n4d&&4,0
 noj&1r4,0
 noj&nt4,0
 noj&nto,0
 nojo,0
 p4$p4lh4o,0
 p4$p4lho,0
 p4u,0
 p&14,0
 p&1do,0
 p&m64,0
 pên1$,0
 p&nt&lh4,0
 p&nt&lho,0
 p&r&r&c4,0
 p&ru,0
 p1c4,0
 p1c4o,0
 p1l4ntr4,0
 p1roco,0
 p1ru,0
 pr&&4,0
 pro$t16ulo,0
 pro$t-6ulo,0
 pro$t1tuto,0
 punh&t4o,0
 pu$,0
 pu$tul4,0
 puto,0
 pux4-$4co,0
 pux4$4co,0
 r464o,0
 r46o,0
 r46ud4,0
 r46ud4o,0
 r46udo,0
 r46udon4,0
 r4ch4d4,0
 r4ch4d4o,0
 r4ch4d1nho,0
 r4ch4do,0
 r4m&l4,0
 r&t4rd4d4,0
 rol4,0
 rol1nh4,0
 ro$c4,0
 $4c4n4,0
 $4f4d4,0
 $4f4do,0
 $4p4t4o,0
 $1f1l1$,0
 $1r1r1c4,0
 t4r4d4,0
 t&$tud4,0
 t&z4o,0
 t&zud4,0
 t&zudo,0
 troch4,0
 trolh4,0
 trouch4,0
 troux4,0
 trox4,0
 /4&46und4,0
 /4&1n4,0
 /&4d4,0
 /&4d4o,0
 /&4do,0
 /14d4,0
 /14d4o,0
 x&r&r&c4,0
 x&x&c4,0
 x161u,0
 x16um64,0
 xot4,0
 xochot4,0
 x4n4,0
 x4n1nh4,0
 &&noc1d4,0
 d&$&r4ç4do,0
 l4drão,0
 corruptor,0
 6oc&t4,0
 p&p&c4,0
 4rrom64d4,0
 p4uzudo,0
 &oz4dor,0
 p1ntudo,0
 t&$ão,0
 p&t1$t4,0
 c&ntrão,0
 c&ntr4o,0
 $tf,0
 6uc&tud4,0
 4n1m4l,0
 6uc&t1nh4,0
 c4&u&1,0
 6o$t14r,0
 d&f&c4r,0
 &$cr&t4r,0
 c4&4r,0
 1$croto,0
 1$crot4,0
 1d1ot1c&,0
 &r&lo,0
 &r&l1nho,0
 &o$m&nto,0
 &o$m&nt4,0
 &o$m4,0
 &onorr&4,0
 furn1c4r,0
 furn1c4,0
 furão,0
 fur4do,0
 fur4d4,0
 fud1d4,0
 fud&c4o,0
 fud&ndo,0
 forn1c4,0
 fod1d4fod1do,0
 fod&,0
 fod4o,0
 f&l4c4o,0
 f&1ozo,0
 f&1oz4,0
 f&1o$o,0
 f&1o$4,0
 f&1o,0
 f&14,0
 f&dor&nt4,0
 f&dor,0
 f&d1do,0
 f&d1d4,0
 &$tup1d&z,0
 &$tup1d4,0
 &$porro,0
 &$porr4d4,0
 &$crot4,0
 &&u4,0
 do1do,0
 do1d4,0
 d1funto,0
 d&mon1o,0
 d&funto,0
 d&61lo1d&,0
 d&61l,0
 cuzudo,0
 cuzud4,0
 cuz4o,0
 cur4lho,0
 culh4o,0
 cruz-cr&do,0
 cr&t1no,0
 cr&t1n4,0
 corrupto,0
 corrupt4,0
 cornudo,0
 cornud4,0
 corno,0
 corn4,0
 coc41n4,0
 cl1tor1$,0
 chup4do,0
 chochot4,0
 chot4,0
 ch1frudo,0
 ch1frud4,0
 ch16um6o,0
 ch16um64,0
 ch&r&c4,0
 ch&ch&c4,0
 c4$$&t&,0
 c4$$&t4,0
 c4n4lh4,0
 c4&on4,0
 c4&4o,0
 c4&4do,0
 c4&4,0
 c4d&l4,0
 6u$$&t4,0
 6urr4,0
 6undud4,0
 6und4,0
 6uc4,0
 6ronh4,0
 6r1oco,0
 6o$t4n4,0
 6o$$&t4,0
 6o1ol4,0
 6o4zud4,0
 61x4,0
 6&$t4,0
 64&o$,0
 4nu$,0
 zur&t4,0
 zulu,0
 zu&r4,0
 zu4do,0
 zon&1r4,0
 zo1udo,0
 z&6uc&t4,0
 xup1$co,0
 xup&t1nh4,0
 xoxot4,0
 x1x1z&nto,0
 x&r&c4,0
 x4/4$c4,0
 /14do,0
 /&rm&,0
 /41tom4rnocu,0
 /41$&fud&r,0
 /414m&rd4,0
 /4&4r4nh4,0
 /4&46undo,0
 /4d14,0
 uru6u,0
 tro&lod1t4,0
 tr&p4d&1r4,0
 tr4/&$t1,0
 tr4&4do,0
 to$co,0
 t&tudo,0
 t&tud4,0
 t&$4o,0
 4rrom64d4,0
 t4r4do,0
 t4p4do,0
 $ujo,0
 $4n&u&$u&4,0
 ru$&u&nto,0
 r&t4rd4do,0
 r4$p4d1nh4,0
 r4p4r1&4,0
 r4mp&ro,0
 qu1r&u1$t4o,0
 qu&n&4,0
 put4qu&p4r1u,0
 punh&t4,0
 pro$t1tut4,0
 p1$tol&1r4,0
 p1roc4,0
 p1r4nh4,0
 p1m&nt&1r4,0
 p&r1qu1t4,0
 p4unocu,0
 p4$$4r4lho,0
 p4n4c4,0
 ot4r1o,0
 olho&ordo,0
 olhodocu,0
 o&ro,0
 non$&n$&,0
 nh4c4,0
 n&w61&,0
 n4z1$t4,0
 mul4m6o,0
 morf&t1co,0
 mont&d&m&rd4,0
 mocoron&o,0
 m1olod&cu,0
 m&r&tr1z,0
 lom6r1&4,0
 l1mp&z44n4l,0
 l&z4do,0
 l&$m4,0
 l4z4r&nto,0
 ku,0
 kct,0
 jum&nto,0
 j&&u&,0
 j4cu,0
 1n/&rt&6r4do,0
 1n$&to,0
 1mundo,0
 1m6&c1l,0
 1d1ot4,0
 &oz4do,0
 &ordo&$croto,0
 &onorr&14,0
 ful&r4,0
 fud1do,0
 fod4,0
 f1ofo,0
 f1lhod4put4,0
 f1dum4&&u4,0
 fdp,0
 &$tup1do,0
 &$trunx4do,0
 &$trum&,0
 &$t1&4lh4do,0
 &$porr4do,0
 &$druxulo,0
 &$croto,0
 &n&ol&rol4,0
 &nf14nocu,0
 &n&r&um&no,0
 &nd&mon14do,0
 &&u&nor4nt&,0
 d&$&r4c4do,0
 d&m&nt&,0
 d&61lm&nt4l,0
 cu,0
 cocoz&nto,0
 c4r4lho,0
 c4p1roto,0
 c4d&lon4,0
 c4c&t&,0
 6urro,0
 6und4o,0
 6oqu&t&,0
 6oqu&t&1ro,0
 6ol4&4to,0
 61ch4,0
 6164,0
 641tol4,0
 6464c4,0
 4rrom64do,0
 4rr&&4$$4do,0
 4n1m4ld&t&t4,0
 6uc&t4,0
 m&rd4,0
 fud&r,0
 put4 qu& p4r1u,0
 porr4,0
 put4,0
 /41 tom4r no cu,0
 cuz1nho,0
 6o$t4,0
 xoxot1nh4,0
 6uc&ton4,0
 c4&u&1,0
 6uc&t1nh4,0
 chup4d4,0
 /41 tnc,0
 tom4r no cu,0
 tom4r no cuz1nho,0
 /41 $& fud&r,0
 /4 $& fud&r,0
 p&p&c4,0
 6oc&t4,0
 corruptor,0
 l4drão,0
 d&$&r4ç4do,0
 &&noc1d4,0
 x4n1nh4,0
 x4n4,0
 xochot4,0
 xot4,0
 x16um64,0
 x161u,0
 x&x&c4,0
 x&r&r&c4,0
 /14d4o,0
 /14d4,0
 /&4do,0
 /&4d4o,0
 /&4d4,0
 /4&1n4,0
 /4&46und4,0
 trox4,0
 troux4,0
 trouch4,0
 trolh4,0
 troch4,0
 t&zudo,0
 t&zud4,0
 t&z4o,0
 t&$tud4,0
 t4r4d4,0
 $1r1r1c4,0
 $1f1l1$,0
 $4p4t4o,0
 $4f4do,0
 $4f4d4,0
 $4c4n4,0
 ro$c4,0
 rol1nh4,0
 rol4,0
 r&t4rd4d4,0
 r4m&l4,0
 r4ch4do,0
 r4ch4d1nho,0
 r4ch4d4o,0
 r4ch4d4,0
 l4dr4o,0
 r46udo,0
 r46ud4o,0
 r46ud4,0
 r46o,0
 r464o,0
 pux4$4co,0
 pux4-$4co,0
 puto,0
 pu$tul4,0
 pu$,0
 punh&t4o,0
 pro$t1tuto,0
 pro$t-6ulo,0
 pro$t16ulo,0
 pr&&4,0
 p1ru,0
 p1roco,0
 p1l4ntr4,0
 p1c4o,0
 p1c4,0
 p&ru,0
 p&r&r&c4,0
 p&nt&lho,0
 r46udon4,0
 p&nt&lh4,0
 pên1$,0
 p&m64,0
 p&1do,0
 p&14,0
 p4u,0
 p4$p4lho,0
 p4$p4lh4o,0
 nojo,0
 noj&nto,0
 noj&nt4,0
 noj&1r4,0
 n4d&&4,0
 mondron&o,0
 mondron&4,0
 mol&qu&,0
 mol&c4,0
 mocr&14,0
 mocr&4,0
 m1jo,0
 m1j4do,0
 m1j4d4,0
 m1j4,0
 m&l&c4,0
 m4$tur64,0
 m4n&u4¦4,0
 m4n&u4c4,0
 m4chorr4,0
 m4chon4,0
 l4l4u,0
 l4dron4,0
 l4dro&1r4,0
 com&ndo,0
 t&t4,0
 p4u,0
 p4ul4 d&ntro,0
 p4ul4 for4,0
 t& com1 d& 4,0
 l4z4r3nt0,0
 buc3t0n4,0
 x0x0t1nh4,0
 put1nh4,0
 put0n4,0
 b1sc4t3,0
 b1sc4t1nh4,0
 b1sc4t0n4,0
 b0st4,0
 cuz1nh0,0
 v41 t0m4r n0 cu,0
 put4,0
 p0rr4,0
 put4 qu3 p4r1u,0
 fud3r,0
 m3rd4,0
 buc3t4,0
 4n1m4ld3t3t4,0
 4rr3g4ss4d0,0
 4rr0mb4d0,0
 b4b4c4,0
 b41t0l4,0
 b1b4,0
 b1ch4,0
 b0l4g4t0,0
 b0qu3t31r0,0
 b0qu3t3,0
 bund40,0
 burr0,0
 c4c3t3,0
 c4d3l0n4,0
 c4p1r0t0,0
 c4r4lh0,0
 c0c0z3nt0,0
 cu,0
 d3b1lm3nt4l,0
 d3m3nt3,0
 d3sgr4c4d0,0
 3gu3n0r4nt3,0
 3nd3m0n14d0,0
 3n3rgum3n0,0
 3nf14n0cu,0
 3ng0l3r0l4,0
 3scr0t0,0
 3sdruxul0,0
 3sp0rr4d0,0
 3st1g4lh4d0,0
 3strum3,0
 3strunx4d0,0
 3stup1d0,0
 fdp,0
 f1dum43gu4,0
 f1lh0d4put4,0
 f10f0,0
 f0d4,0
 fud1d0,0
 ful3r4,0
 g0n0rr314,0
 g0rd03scr0t0,0
 g0z4d0,0
 1d10t4,0
 1mb3c1l,0
 1mund0,0
 1ns3t0,0
 1nv3rt3br4d0,0
 j4cu,0
 j3gu3,0
 jum3nt0,0
 kct,0
 ku,0
 l3sm4,0
 l3z4d0,0
 l1mp3z44n4l,0
 l0mbr1g4,0
 m3r3tr1z,0
 m10l0d3cu,0
 m0c0r0ng0,0
 m0nt3d3m3rd4,0
 m0rf3t1c0,0
 mul4mb0,0
 n4z1st4,0
 n3wb13,0
 nh4c4,0
 n0ns3ns3,0
 0gr0,0
 0lh0d0cu,0
 0lh0g0rd0,0
 0t4r10,0
 p4n4c4,0
 p4ss4r4lh0,0
 p4un0cu,0
 p3r1qu1t4,0
 p1m3nt31r4,0
 p1r4nh4,0
 p1r0c4,0
 p1st0l31r4,0
 pr0st1tut4,0
 punh3t4,0
 put4qu3p4r1u,0
 qu3ng4,0
 qu1rgu1st40,0
 r4mp3r0,0
 r4p4r1g4,0
 r4sp4d1nh4,0
 r3t4rd4d0,0
 rusgu3nt0,0
 s4ngu3sug4,0
 suj0,0
 t4p4d0,0
 t4r4d0,0
 t3s40,0
 t3tud4,0
 t3tud0,0
 t0sc0,0
 tr4g4d0,0
 tr4v3st1,0
 tr3p4d31r4,0
 tr0gl0d1t4,0
 urubu,0
 v4d14,0
 v4g4bund0,0
 v4g4r4nh4,0
 v414m3rd4,0
 v41s3fud3r,0
 v41t0m4rn0cu,0
 v3rm3,0
 v14d0,0
 x4v4sc4,0
 x3r3c4,0
 x1x1z3nt0,0
 x0x0t4,0
 xup3t1nh4,0
 xup1sc0,0
 z3buc3t4,0
 z01ud0,0
 z0n31r4,0
 zu4d0,0
 zu3r4,0
 zulu,0
 zur3t4,0
 4nus,0
 b4g0s,0
 b3st4,0
 b1x4,0
 b04zud4,0
 b010l4,0
 b0ss3t4,0
 b0st4n4,0
 br10c0,0
 br0nh4,0
 buc4,0
 bund4,0
 bundud4,0
 burr4,0
 buss3t4,0
 c4d3l4,0
 c4g4,0
 c4g4d0,0
 c4g40,0
 c4g0n4,0
 c4n4lh4,0
 c4ss3t4,0
 c4ss3t3,0
 ch3ch3c4,0
 ch3r3c4,0
 ch1bumb4,0
 ch1bumb0,0
 ch1frud4,0
 ch1frud0,0
 ch0t4,0
 ch0ch0t4,0
 chup4d4,0
 chup4d0,0
 cl1t0r1s,0
 c0c41n4,0
 c0rn4,0
 c0rn0,0
 c0rnud4,0
 c0rnud0,0
 c0rrupt4,0
 c0rrupt0,0
 cr3t1n4,0
 cr3t1n0,0
 cruz-cr3d0,0
 culh40,0
 cur4lh0,0
 cuz40,0
 cuzud4,0
 cuzud0,0
 d3b1l,0
 d3b1l01d3,0
 d3funt0,0
 d3m0n10,0
 d1funt0,0
 d01d4,0
 d01d0,0
 3gu4,0
 3scr0t4,0
 3sp0rr4d4,0
 3sp0rr0,0
 3stup1d4,0
 3stup1d3z,0
 f3d1d4,0
 f3d1d0,0
 f3d0r,0
 f3d0r3nt4,0
 f314,0
 f310,0
 f310s4,0
 f310s0,0
 f310z4,0
 f310z0,0
 f3l4c40,0
 f0d40,0
 f0d3,0
 f0d1d4f0d1d0,0
 f0rn1c4,0
 fud3nd0,0
 fud3c40,0
 fud1d4,0
 fur4d4,0
 fur4d0,0
 furã0,0
 furn1c4,0
 furn1c4r,0
 g0n0rr34,0
 g0sm4,0
 g0sm3nt4,0
 g0sm3nt0,0
 gr3l1nh0,0
 gr3l0,0
 1d10t1c3,0
 1scr0t4,0
 1scr0t0,0
 l4dr40,0
 l4dr031r4,0
 l4dr0n4,0
 l4l4u,0
 m4ch0n4,0
 m4ch0rr4,0
 m4ngu4c4,0
 m4ngu4¦4,0
 m4sturb4,0
 m3l3c4,0
 m1j4,0
 m1j4d4,0
 m1j4d0,0
 m1j0,0
 m0cr34,0
 m0cr314,0
 m0l3c4,0
 m0l3qu3,0
 m0ndr0ng4,0
 m0ndr0ng0,0
 n4d3g4,0
 n0j31r4,0
 n0j3nt4,0
 n0j3nt0,0
 n0j0,0
 p4sp4lh40,0
 p4sp4lh0,0
 p4u,0
 p314,0
 p31d0,0
 p3mb4,0
 pên1s,0
 p3nt3lh4,0
 p3nt3lh0,0
 p3r3r3c4,0
 p3ru,0
 p1c4,0
 p1c40,0
 p1l4ntr4,0
 p1r0c0,0
 p1ru,0
 pr3g4,0
 pr0st1bul0,0
 pr0st-bul0,0
 pr0st1tut0,0
 punh3t40,0
 pus,0
 pustul4,0
 put0,0
 pux4-s4c0,0
 pux4s4c0,0
 r4b40,0
 r4b0,0
 r4bud4,0
 r4bud40,0
 r4bud0,0
 r4bud0n4,0
 r4ch4d4,0
 r4ch4d40,0
 r4ch4d1nh0,0
 r4ch4d0,0
 r4m3l4,0
 r3t4rd4d4,0
 r0l4,0
 r0l1nh4,0
 r0sc4,0
 s4c4n4,0
 s4f4d4,0
 s4f4d0,0
 s4p4t40,0
 s1f1l1s,0
 s1r1r1c4,0
 t4r4d4,0
 t3stud4,0
 t3z40,0
 t3zud4,0
 t3zud0,0
 tr0ch4,0
 tr0lh4,0
 tr0uch4,0
 tr0ux4,0
 tr0x4,0
 v4g4bund4,0
 v4g1n4,0
 v34d4,0
 v34d40,0
 v34d0,0
 v14d4,0
 v14d40,0
 x3r3r3c4,0
 x3x3c4,0
 x1b1u,0
 x1bumb4,0
 x0t4,0
 x0ch0t4,0
 x4n4,0
 x4n1nh4,0
 g3n0c1d4,0
 d3sgr4ç4d0,0
 l4drã0,0
 c0rrupt0r,0
 b0c3t4,0
 p3p3c4,0
 4rr0mb4d4,0
 p4uzud0,0
 g0z4d0r,0
 p1ntud0,0
 t3sã0,0
 p3t1st4,0
 c3ntrã0,0
 c3ntr40,0
 stf,0
 buc3tud4,0
 4n1m4l,0
 buc3t1nh4,0
 c4gu31,0
 b0st14r,0
 d3f3c4r,0
 3scr3t4r,0
 c4g4r,0
 1scr0t0,0
 1scr0t4,0
 1d10t1c3,0
 gr3l0,0
 gr3l1nh0,0
 g0sm3nt0,0
 g0sm3nt4,0
 g0sm4,0
 g0n0rr34,0
 furn1c4r,0
 furn1c4,0
 furã0,0
 fur4d0,0
 fur4d4,0
 fud1d4,0
 fud3c40,0
 fud3nd0,0
 f0rn1c4,0
 f0d1d4f0d1d0,0
 f0d3,0
 f0d40,0
 f3l4c40,0
 f310z0,0
 f310z4,0
 f310s0,0
 f310s4,0
 f310,0
 f314,0
 f3d0r3nt4,0
 f3d0r,0
 f3d1d0,0
 f3d1d4,0
 3stup1d3z,0
 3stup1d4,0
 3sp0rr0,0
 3sp0rr4d4,0
 3scr0t4,0
 3gu4,0
 d01d0,0
 d01d4,0
 d1funt0,0
 d3m0n10,0
 d3funt0,0
 d3b1l01d3,0
 d3b1l,0
 cuzud0,0
 cuzud4,0
 cuz40,0
 cur4lh0,0
 culh40,0
 cruz-cr3d0,0
 cr3t1n0,0
 cr3t1n4,0
 c0rrupt0,0
 c0rrupt4,0
 c0rnud0,0
 c0rnud4,0
 c0rn0,0
 c0rn4,0
 c0c41n4,0
 cl1t0r1s,0
 chup4d0,0
 ch0ch0t4,0
 ch0t4,0
 ch1frud0,0
 ch1frud4,0
 ch1bumb0,0
 ch1bumb4,0
 ch3r3c4,0
 ch3ch3c4,0
 c4ss3t3,0
 c4ss3t4,0
 c4n4lh4,0
 c4g0n4,0
 c4g40,0
 c4g4d0,0
 c4g4,0
 c4d3l4,0
 buss3t4,0
 burr4,0
 bundud4,0
 bund4,0
 buc4,0
 br0nh4,0
 br10c0,0
 b0st4n4,0
 b0ss3t4,0
 b010l4,0
 b04zud4,0
 b1x4,0
 b3st4,0
 b4g0s,0
 4nus,0
 zur3t4,0
 zulu,0
 zu3r4,0
 zu4d0,0
 z0n31r4,0
 z01ud0,0
 z3buc3t4,0
 xup1sc0,0
 xup3t1nh4,0
 x0x0t4,0
 x1x1z3nt0,0
 x3r3c4,0
 x4v4sc4,0
 v14d0,0
 v3rm3,0
 v41t0m4rn0cu,0
 v41s3fud3r,0
 v414m3rd4,0
 v4g4r4nh4,0
 v4g4bund0,0
 v4d14,0
 urubu,0
 tr0gl0d1t4,0
 tr3p4d31r4,0
 tr4v3st1,0
 tr4g4d0,0
 t0sc0,0
 t3tud0,0
 t3tud4,0
 t3s40,0
 4rr0mb4d4,0
 t4r4d0,0
 t4p4d0,0
 suj0,0
 s4ngu3sug4,0
 rusgu3nt0,0
 r3t4rd4d0,0
 r4sp4d1nh4,0
 r4p4r1g4,0
 r4mp3r0,0
 qu1rgu1st40,0
 qu3ng4,0
 put4qu3p4r1u,0
 punh3t4,0
 pr0st1tut4,0
 p1st0l31r4,0
 p1r0c4,0
 p1r4nh4,0
 p1m3nt31r4,0
 p3r1qu1t4,0
 p4un0cu,0
 p4ss4r4lh0,0
 p4n4c4,0
 0t4r10,0
 0lh0g0rd0,0
 0lh0d0cu,0
 0gr0,0
 n0ns3ns3,0
 nh4c4,0
 n3wb13,0
 n4z1st4,0
 mul4mb0,0
 m0rf3t1c0,0
 m0nt3d3m3rd4,0
 m0c0r0ng0,0
 m10l0d3cu,0
 m3r3tr1z,0
 l0mbr1g4,0
 l1mp3z44n4l,0
 l3z4d0,0
 l3sm4,0
 l4z4r3nt0,0
 ku,0
 kct,0
 jum3nt0,0
 j3gu3,0
 j4cu,0
 1nv3rt3br4d0,0
 1ns3t0,0
 1mund0,0
 1mb3c1l,0
 1d10t4,0
 g0z4d0,0
 g0rd03scr0t0,0
 g0n0rr314,0
 ful3r4,0
 fud1d0,0
 f0d4,0
 f10f0,0
 f1lh0d4put4,0
 f1dum43gu4,0
 fdp,0
 3stup1d0,0
 3strunx4d0,0
 3strum3,0
 3st1g4lh4d0,0
 3sp0rr4d0,0
 3sdruxul0,0
 3scr0t0,0
 3ng0l3r0l4,0
 3nf14n0cu,0
 3n3rgum3n0,0
 3nd3m0n14d0,0
 3gu3n0r4nt3,0
 d3sgr4c4d0,0
 d3m3nt3,0
 d3b1lm3nt4l,0
 cu,0
 c0c0z3nt0,0
 c4r4lh0,0
 c4p1r0t0,0
 c4d3l0n4,0
 c4c3t3,0
 burr0,0
 bund40,0
 b0qu3t3,0
 b0qu3t31r0,0
 b0l4g4t0,0
 b1ch4,0
 b1b4,0
 b41t0l4,0
 b4b4c4,0
 4rr0mb4d0,0
 4rr3g4ss4d0,0
 4n1m4ld3t3t4,0
 buc3t4,0
 m3rd4,0
 fud3r,0
 put4 qu3 p4r1u,0
 p0rr4,0
 put4,0
 v41 t0m4r n0 cu,0
 cuz1nh0,0
 b0st4,0
 x0x0t1nh4,0
 buc3t0n4,0
 c4gu31,0
 buc3t1nh4,0
 chup4d4,0
 v41 tnc,0
 t0m4r n0 cu,0
 t0m4r n0 cuz1nh0,0
 v41 s3 fud3r,0
 v4 s3 fud3r,0
 p3p3c4,0
 b0c3t4,0
 c0rrupt0r,0
 l4drã0,0
 d3sgr4ç4d0,0
 g3n0c1d4,0
 x4n1nh4,0
 x4n4,0
 x0ch0t4,0
 x0t4,0
 x1bumb4,0
 x1b1u,0
 x3x3c4,0
 x3r3r3c4,0
 v14d40,0
 v14d4,0
 v34d0,0
 v34d40,0
 v34d4,0
 v4g1n4,0
 v4g4bund4,0
 tr0x4,0
 tr0ux4,0
 tr0uch4,0
 tr0lh4,0
 tr0ch4,0
 t3zud0,0
 t3zud4,0
 t3z40,0
 t3stud4,0
 t4r4d4,0
 s1r1r1c4,0
 s1f1l1s,0
 s4p4t40,0
 s4f4d0,0
 s4f4d4,0
 s4c4n4,0
 r0sc4,0
 r0l1nh4,0
 r0l4,0
 r3t4rd4d4,0
 r4m3l4,0
 r4ch4d0,0
 r4ch4d1nh0,0
 r4ch4d40,0
 r4ch4d4,0
 l4dr40,0
 r4bud0,0
 r4bud40,0
 r4bud4,0
 r4b0,0
 r4b40,0
 pux4s4c0,0
 pux4-s4c0,0
 put0,0
 pustul4,0
 pus,0
 punh3t40,0
 pr0st1tut0,0
 pr0st-bul0,0
 pr0st1bul0,0
 pr3g4,0
 p1ru,0
 p1r0c0,0
 p1l4ntr4,0
 p1c40,0
 p1c4,0
 p3ru,0
 p3r3r3c4,0
 p3nt3lh0,0
 r4bud0n4,0
 p3nt3lh4,0
 pên1s,0
 p3mb4,0
 p31d0,0
 p314,0
 p4u,0
 p4sp4lh0,0
 p4sp4lh40,0
 n0j0,0
 n0j3nt0,0
 n0j3nt4,0
 n0j31r4,0
 n4d3g4,0
 m0ndr0ng0,0
 m0ndr0ng4,0
 m0l3qu3,0
 m0l3c4,0
 m0cr314,0
 m0cr34,0
 m1j0,0
 m1j4d0,0
 m1j4d4,0
 m1j4,0
 m3l3c4,0
 m4sturb4,0
 m4ngu4¦4,0
 m4ngu4c4,0
 m4ch0rr4,0
 m4ch0n4,0
 l4l4u,0
 l4dr0n4,0
 l4dr031r4,0
 c0m3nd0,0
 t3t4,0
 p4u,0
 p4ul4 d3ntr0,0
 p4ul4 f0r4,0
 t3 c0m1 d3 4.,0
